ID,color
3203,E7301B
2058,E7301B
4142,FFA92D
1555,#E7301B
2626,00AEA0
3697,E7301B
5914,FFA92D
1229,E7301B
1811,E7301B
2334,FFA92D
2870,00AEA0
3449,#FFA92D
3914,E7301B
4926,E7301B
7751,E7301B
1084,E7301B
1372,FFA92D
1675,#E7301B
1943,FFA92D
2212,E7301B
2447,E7301B
2748,#FFA92D
3035,E7301B
3315,FFA92D
3594,E7301B
3807,#E7301B
4033,E7301B
4517,E7301B
5353,E7301B
6331,FFA92D
9843,E7301B
818,E7301B
1165,E7301B
1282,FFA92D
1485,E7301B
1604,FFA92D
1724,E7301B
1883,E7301B
2005,FFA92D
2126,#E7301B
2273,E7301B
2391,E7301B
2541,#E7301B
2676,E7301B
2801,FFA92D
2941,FFA92D
3113,#E7301B
3264,00AEA0
3387,E7301B
3496,#FFA92D
3644,E7301B
3763,E7301B
3868,E7301B
3970,FFA92D
4085,E7301B
4326,E7301B
4714,E7301B
5218,FFA92D
5567,E7301B
6172,#FFA92D
7118,#E7301B
8904,FFA92D
10195,E7301B
809,#E7301B
1033,EC3296
1111,E7301B
1207,E7301B
1259,E7301B
1346,E7301B
1415,E7301B
1521,E7301B
1575,#FFA92D
1635,FFA92D
1704,E7301B
1782,E7301B
1841,E7301B
1903,E7301B
1978,FFA92D
2033,FFA92D
2076,E7301B
2186,FFA92D
2239,E7301B
2298,EC3296
2366,E7301B
2416,E7301B
2501,E7301B
2577,E7301B
2649,FFA92D
2708,E7301B
2768,E7301B
2844,E7301B
2917,#E7301B
2991,EC3296
3084,E7301B
3150,E7301B
3226,00AEA0
3296,E7301B
3355,FFA92D
3419,#FFA92D
3477,#FFA92D
3541,E7301B
3612,FFA92D
3670,E7301B
3743,FFA92D
3788,E7301B
3833,E7301B
3894,E7301B
3938,E7301B
4009,#FFA92D
4049,E7301B
4117,FFA92D
4206,FFA92D
4419,E7301B
4584,FFA92D
4813,#FFA92D
5154,E7301B
5276,FFA92D
5429,FFA92D
5691,FFA92D
6109,#FFA92D
6275,E7301B
6788,FFA92D
7697,E7301B
8210,E7301B
9613,E7301B
10025,E7301B
10541,FFA92D
805,E7301B
813,E7301B
822,EC3296
1067,00AEA0
1104,E7301B
1135,E7301B
1182,E7301B
1215,E7301B
1237,E7301B
1267,E7301B
1304,E7301B
1353,E7301B
1384,E7301B
1463,#E7301B
1505,E7301B
1539,E7301B
1568,E7301B
1585,E7301B
1614,E7301B
1651,#FFA92D
1687,E7301B
1713,FFA92D
1744,E7301B
1791,E7301B
1822,00AEA0
1862,E7301B
1893,E7301B
1914,E7301B
1953,E7301B
1985,FFA92D
2012,FFA92D
2048,FFA92D
2067,00AEA0
2110,#E7301B
2148,E7301B
2202,E7301B
2220,FFA92D
2262,FFA92D
2286,FFA92D
2319,FFA92D
2356,E7301B
2371,#E7301B
2403,E7301B
2422,FFA92D
2461,FFA92D
2516,FFA92D
2551,FFA92D
2585,FFA92D
2641,#FFA92D
2663,9556BF
2695,E7301B
2728,E7301B
2758,#E7301B
2783,E7301B
2815,E7301B
2858,#FFA92D
2887,#FFA92D
2931,FFA92D
2975,#E7301B
3018,E7301B
3058,E7301B
3104,00AEA0
3130,FFA92D
3180,E7301B
3210,#E7301B
3237,FFA92D
3282,E7301B
3308,E7301B
3328,E7301B
3367,E7301B
3402,FFA92D
3436,#EC3296
3466,E7301B
3486,E7301B
3535,E7301B
3555,#E7301B
3604,E7301B
3625,00AEA0
3656,00AEA0
3686,E7301B
3728,E7301B
3752,E7301B
3776,E7301B
3799,#FFA92D
3824,#E7301B
3858,E7301B
3877,FFA92D
3906,E7301B
3932,E7301B
3949,E7301B
3989,E7301B
4022,FFA92D
4042,E7301B
4060,#FFA92D
4100,E7301B
4134,#E7301B
4187,#E7301B
4247,00AEA0
4376,E7301B
4470,E7301B
4548,E7301B
4633,E7301B
4764,#E7301B
4848,E7301B
4986,E7301B
5186,E7301B
5252,E7301B
5318,00AEA0
5400,FFA92D
5505,E7301B
5641,E7301B
5725,#FFA92D
6071,E7301B
6145,E7301B
6264,FFA92D
6293,E7301B
6759,FFA92D
7098,E7301B
7379,E7301B
7729,E7301B
8043,FFA92D
8678,E7301B
9095,E7301B
9642,E7301B
9941,00AEA0
10118,E7301B
10311,E7301B
10875,EC3296
803,#E7301B
807,E7301B
811,E7301B
816,E7301B
820,E7301B
1027,E7301B
1047,FFA92D
1077,E7301B
1093,E7301B
1108,#E7301B
1125,#E7301B
1155,E7301B
1177,00AEA0
1199,E7301B
1210,#FFA92D
1225,#E7301B
1231,#FFA92D
1245,E7301B
1261,E7301B
1276,9556BF
1299,FFA92D
1337,E7301B
1349,FFA92D
1366,E7301B
1381,E7301B
1393,E7301B
1435,E7301B
1474,E7301B
1492,E7301B
1514,EC3296
1525,FFA92D
1547,FFA92D
1564,#FFA92D
1572,E7301B
1582,FFA92D
1600,E7301B
1610,E7301B
1626,E7301B
1644,E7301B
1660,#FFA92D
1682,E7301B
1696,FFA92D
1707,E7301B
1722,E7301B
1736,FFA92D
1763,E7301B
1787,FFA92D
1796,E7301B
1818,E7301B
1828,E7301B
1846,E7301B
1872,FFA92D
1891,FFA92D
1899,FFA92D
1909,FFA92D
1926,FFA92D
1949,FFA92D
1967,E7301B
1982,E7301B
1991,FFA92D
2008,E7301B
2019,E7301B
2037,FFA92D
2050,E7301B
2064,E7301B
2072,FFA92D
2103,#E7301B
2112,#E7301B
2130,FFA92D
2168,E7301B
2194,FFA92D
2205,#E7301B
2215,E7301B
2234,FFA92D
2249,E7301B
2268,FFA92D
2279,#E7301B
2296,FFA92D
2307,FFA92D
2324,E7301B
2349,E7301B
2363,FFA92D
2368,FFA92D
2379,FFA92D
2398,E7301B
2407,E7301B
2420,FFA92D
2436,00AEA0
2454,FFA92D
2484,EC3296
2512,FFA92D
2525,EC3296
2548,FFA92D
2572,E7301B
2582,E7301B
2591,FFA92D
2630,00AEA0
2644,E7301B
2659,E7301B
2666,E7301B
2682,E7301B
2702,E7301B
2719,E7301B
2735,#FFA92D
2753,#E7301B
2761,FFA92D
2774,E7301B
2788,E7301B
2811,E7301B
2827,FFA92D
2848,E7301B
2862,#E7301B
2880,E7301B
2907,E7301B
2928,E7301B
2935,FFA92D
2958,E7301B
2982,00AEA0
3007,E7301B
3029,#FFA92D
3047,FFA92D
3070,FFA92D
3093,00AEA0
3110,E7301B
3125,E7301B
3142,FFA92D
3166,E7301B
3186,E7301B
3205,E7301B
3216,E7301B
3233,#FFA92D
3251,#E7301B
3271,E7301B
3288,E7301B
3303,9556BF
3312,#E7301B
3323,FFA92D
3343,FFA92D
3360,#FFA92D
3377,EC3296
3395,E7301B
3411,E7301B
3432,E7301B
3442,E7301B
3461,E7301B
3470,9556BF
3480,FFA92D
3491,E7301B
3515,FFA92D
3539,#FFA92D
3550,#FFA92D
3564,#E7301B
3597,FFA92D
3609,E7301B
3620,#FFA92D
3633,00AEA0
3653,E7301B
3667,E7301B
3680,E7301B
3688,FFA92D
3706,#FFA92D
3732,FFA92D
3745,E7301B
3760,E7301B
3768,E7301B
3782,9556BF
3797,E7301B
3803,E7301B
3819,E7301B
3827,E7301B
3842,E7301B
3863,#FFA92D
3871,E7301B
3886,FFA92D
3898,E7301B
3911,FFA92D
3922,E7301B
3935,FFA92D
3944,#E7301B
3957,FFA92D
3979,E7301B
4001,#E7301B
4016,EC3296
4030,#E7301B
4039,#FFA92D
4047,FFA92D
4054,E7301B
4066,#E7301B
4088,E7301B
4106,EC3296
4127,#FFA92D
4136,#E7301B
4176,#E7301B
4195,E7301B
4226,FFA92D
4299,E7301B
4362,E7301B
4414,E7301B
4435,E7301B
4499,E7301B
4538,00AEA0
4574,FFA92D
4600,#E7301B
4687,#E7301B
4735,#E7301B
4791,FFA92D
4827,FFA92D
4880,#E7301B
4942,#E7301B
5136,E7301B
5172,E7301B
5199,E7301B
5238,FFA92D
5265,E7301B
5300,E7301B
5337,FFA92D
5381,E7301B
5414,E7301B
5475,#E7301B
5529,E7301B
5599,E7301B
5670,FFA92D
5705,#E7301B
5749,FFA92D
5942,#E7301B
6083,E7301B
6128,00AEA0
6164,E7301B
6178,E7301B
6269,E7301B
6281,00AEA0
6323,FFA92D
6339,E7301B
6768,E7301B
7087,EC3296
7106,E7301B
7140,E7301B
7690,FFA92D
7721,9556BF
7740,E7301B
7779,E7301B
8054,E7301B
8664,E7301B
8771,E7301B
9062,E7301B
9493,E7301B
9628,E7301B
9776,E7301B
9847,E7301B
10019,FFA92D
10066,E7301B
10189,9556BF
10246,EC3296
10423,E7301B
10710,E7301B
11060,E7301B
802,E7301B
804,E7301B
806,E7301B
808,E7301B
810,E7301B
812,#E7301B
815,E7301B
817,EC3296
819,E7301B
821,E7301B
1022,E7301B
1028,E7301B
1041,FFA92D
1048,E7301B
1071,E7301B
1078,E7301B
1088,FFA92D
1097,E7301B
1105,#E7301B
1110,#FFA92D
1112,FFA92D
1134,E7301B
1141,E7301B
1159,E7301B
1170,E7301B
1180,E7301B
1184,E7301B
1206,FFA92D
1208,#FFA92D
1212,FFA92D
1216,FFA92D
1226,E7301B
1230,E7301B
1233,E7301B
1241,E7301B
1249,FFA92D
1260,E7301B
1264,E7301B
1269,E7301B
1279,E7301B
1295,E7301B
1300,E7301B
1327,E7301B
1340,#FFA92D
1347,E7301B
1350,FFA92D
1363,E7301B
1370,E7301B
1380,E7301B
1382,FFA92D
1389,E7301B
1397,E7301B
1419,FFA92D
1453,E7301B
1468,E7301B
1483,#FFA92D
1487,#E7301B
1496,#E7301B
1513,E7301B
1518,FFA92D
1524,E7301B
1532,E7301B
1544,E7301B
1550,FFA92D
1558,FFA92D
1567,E7301B
1570,E7301B
1574,FFA92D
1577,E7301B
1584,FFA92D
1590,FFA92D
1602,E7301B
1606,E7301B
1611,E7301B
1625,#FFA92D
1628,E7301B
1640,FFA92D
1649,E7301B
1659,#E7301B
1671,00AEA0
1676,FFA92D
1684,FFA92D
1690,#E7301B
1699,#E7301B
1705,E7301B
1712,E7301B
1721,E7301B
1723,#E7301B
1733,FFA92D
1739,FFA92D
1756,E7301B
1771,E7301B
1784,E7301B
1789,E7301B
1795,FFA92D
1798,E7301B
1815,#E7301B
1821,#FFA92D
1825,E7301B
1829,FFA92D
1843,#E7301B
1853,E7301B
1871,FFA92D
1882,E7301B
1889,E7301B
1892,FFA92D
1895,FFA92D
1902,E7301B
1905,E7301B
1911,E7301B
1921,#E7301B
1940,FFA92D
1947,E7301B
1951,E7301B
1954,#E7301B
1973,E7301B
1980,#FFA92D
1984,E7301B
1990,E7301B
2001,E7301B
2007,E7301B
2010,00AEA0
2014,FFA92D
2029,FFA92D
2034,EC3296
2045,FFA92D
2049,00AEA0
2057,FFA92D
2061,FFA92D
2066,E7301B
2070,E7301B
2075,FFA92D
2082,E7301B
2109,#FFA92D
2111,#E7301B
2117,FFA92D
2129,#FFA92D
2138,E7301B
2163,E7301B
2179,#FFA92D
2193,#E7301B
2197,#E7301B
2203,FFA92D
2207,E7301B
2213,#E7301B
2219,E7301B
2230,FFA92D
2238,E7301B
2241,#FFA92D
2252,FFA92D
2267,FFA92D
2272,FFA92D
2274,FFA92D
2285,EC3296
2290,E7301B
2297,#E7301B
2304,00AEA0
2315,E7301B
2323,FFA92D
2327,#FFA92D
2340,E7301B
2352,E7301B
2359,E7301B
2364,E7301B
2367,E7301B
2370,FFA92D
2374,E7301B
2389,E7301B
2397,E7301B
2402,E7301B
2406,#E7301B
2413,FFA92D
2419,E7301B
2421,EC3296
2428,#EC3296
2441,E7301B
2449,#E7301B
2455,#FFA92D
2467,E7301B
2497,E7301B
2511,E7301B
2515,E7301B
2519,FFA92D
2539,E7301B
2542,#E7301B
2549,E7301B
2553,#E7301B
2574,E7301B
2580,#E7301B
2583,#E7301B
2588,FFA92D
2605,E7301B
2628,E7301B
2639,E7301B
2642,E7301B
2647,00AEA0
2652,00AEA0
2661,E7301B
2665,E7301B
2670,E7301B
2678,FFA92D
2686,FFA92D
2696,FFA92D
2706,FFA92D
2711,#FFA92D
2726,#E7301B
2730,E7301B
2738,FFA92D
2752,E7301B
2754,E7301B
2759,E7301B
2765,E7301B
2770,E7301B
2781,E7301B
2787,FFA92D
2797,E7301B
2802,E7301B
2814,E7301B
2824,E7301B
2828,E7301B
2847,E7301B
2857,FFA92D
2860,FFA92D
2866,#FFA92D
2871,E7301B
2885,#E7301B
2905,FFA92D
2916,FFA92D
2918,9556BF
2929,E7301B
2933,FFA92D
2940,#E7301B
2950,E7301B
2966,FFA92D
2978,FFA92D
2990,E7301B
2997,E7301B
3012,E7301B
3020,E7301B
3033,E7301B
3042,FFA92D
3049,EC3296
3064,#E7301B
3082,E7301B
3090,FFA92D
3102,E7301B
3108,FFA92D
3111,E7301B
3117,#FFA92D
3126,FFA92D
3134,E7301B
3144,E7301B
3153,FFA92D
3168,E7301B
3182,FFA92D
3189,E7301B
3204,E7301B
3207,E7301B
3214,E7301B
3223,E7301B
3232,E7301B
3235,FFA92D
3245,E7301B
3256,EC3296
3266,FFA92D
3280,FFA92D
3284,FFA92D
3291,#E7301B
3301,FFA92D
3306,E7301B
3310,E7301B
3313,#E7301B
3320,E7301B
3326,E7301B
3341,E7301B
3352,E7301B
3356,E7301B
3363,FFA92D
3373,FFA92D
3381,E7301B
3391,FFA92D
3401,E7301B
3408,E7301B
3415,FFA92D
3421,FFA92D
3434,E7301B
3437,EC3296
3446,#FFA92D
3453,#FFA92D
3464,FFA92D
3469,E7301B
3476,E7301B
3478,00AEA0
3485,E7301B
3487,E7301B
3495,E7301B
3503,FFA92D
3528,FFA92D
3536,E7301B
3540,FFA92D
3547,E7301B
3554,FFA92D
3560,FFA92D
3569,FFA92D
3596,E7301B
3601,#FFA92D
3605,EC3296
3611,E7301B
3613,FFA92D
3621,FFA92D
3629,#EC3296
3641,00AEA0
3652,E7301B
3654,E7301B
3663,00AEA0
3669,E7301B
3678,E7301B
3683,EC3296
3687,E7301B
3689,#FFA92D
3700,FFA92D
3710,#E7301B
3729,00AEA0
3739,E7301B
3744,FFA92D
3751,FFA92D
3759,FFA92D
3761,FFA92D
3765,E7301B
3772,E7301B
3780,E7301B
3783,E7301B
3795,E7301B
3798,E7301B
3801,E7301B
3804,E7301B
3816,E7301B
3823,#E7301B
3825,FFA92D
3828,E7301B
3836,FFA92D
3845,E7301B
3862,E7301B
3867,#FFA92D
3870,E7301B
3874,#E7301B
3885,E7301B
3890,E7301B
3897,FFA92D
3902,E7301B
3908,E7301B
3912,E7301B
3918,FFA92D
3931,#FFA92D
3933,#FFA92D
3937,E7301B
3941,E7301B
3945,FFA92D
3952,E7301B
3967,FFA92D
3973,E7301B
3981,E7301B
3996,#FFA92D
4007,E7301B
4011,#E7301B
4021,E7301B
4024,E7301B
4031,E7301B
4038,#E7301B
4040,E7301B
4043,#FFA92D
4048,E7301B
4051,E7301B
4057,E7301B
4065,FFA92D
4082,E7301B
4087,E7301B
4097,E7301B
4105,E7301B
4112,FFA92D
4121,E7301B
4129,#E7301B
4135,#E7301B
4137,E7301B
4166,E7301B
4179,E7301B
4193,#E7301B
4200,#EC3296
4219,EC3296
4228,E7301B
4269,FFA92D
4319,E7301B
4358,9556BF
4368,E7301B
4398,E7301B
4417,E7301B
4424,FFA92D
4451,#E7301B
4486,E7301B
4507,FFA92D
4529,E7301B
4540,E7301B
4561,FFA92D
4578,FFA92D
4594,00AEA0
4619,E7301B
4647,E7301B
4699,E7301B
4725,E7301B
4758,E7301B
4775,EC3296
4805,E7301B
4823,FFA92D
4835,FFA92D
4860,E7301B
4919,E7301B
4937,00AEA0
4970,FFA92D
5006,FFA92D
5148,E7301B
5160,E7301B
5179,#E7301B
5190,E7301B
5204,E7301B
5221,E7301B
5248,E7301B
5258,E7301B
5269,E7301B
5285,FFA92D
5305,E7301B
5324,E7301B
5349,E7301B
5379,E7301B
5395,E7301B
5408,EC3296
5417,#E7301B
5443,EC3296
5487,E7301B
5520,E7301B
5563,FFA92D
5574,E7301B
5625,00AEA0
5665,E7301B
5683,FFA92D
5697,#E7301B
5717,E7301B
5729,00AEA0
5892,#E7301B
5932,#E7301B
5970,EC3296
6079,FFA92D
6094,FFA92D
6118,FFA92D
6133,FFA92D
6151,E7301B
6170,00AEA0
6173,FFA92D
6201,FFA92D
6267,E7301B
6272,E7301B
6279,E7301B
6287,E7301B
6296,E7301B
6329,E7301B
6334,FFA92D
6753,FFA92D
6762,E7301B
6787,E7301B
7086,E7301B
7089,E7301B
7101,E7301B
7107,00AEA0
7126,#E7301B
7376,E7301B
7384,FFA92D
7694,E7301B
7702,E7301B
7725,E7301B
7730,E7301B
7742,E7301B
7763,E7301B
8039,E7301B
8050,E7301B
8142,E7301B
8649,E7301B
8671,E7301B
8753,E7301B
8776,E7301B
8925,E7301B
9074,E7301B
9350,E7301B
9575,E7301B
9621,E7301B
9639,00AEA0
9770,E7301B
9825,E7301B
9844,E7301B
9851,E7301B
9961,E7301B
10022,E7301B
10049,E7301B
10089,FFA92D
10171,E7301B
10192,9556BF
10228,E7301B
10256,E7301B
10409,FFA92D
10425,E7301B
10624,00AEA0
10841,E7301B
11056,E7301B
11095,E7301B
4156,#E7301B
4171,FFA92D
4177,#FFA92D
4183,E7301B
4191,E7301B
4194,E7301B
4199,#E7301B
4203,E7301B
4207,E7301B
4221,E7301B
4227,#E7301B
4229,E7301B
4262,E7301B
4270,00AEA0
4309,FFA92D
4324,E7301B
4327,#E7301B
4359,E7301B
4364,E7301B
4370,#E7301B
4382,E7301B
4399,EC3296
4416,E7301B
4418,E7301B
4421,#FFA92D
4425,#E7301B
4447,E7301B
4457,FFA92D
4480,E7301B
4488,FFA92D
4503,E7301B
4512,E7301B
4524,EC3296
4533,E7301B
4539,#E7301B
4545,FFA92D
4549,E7301B
4565,E7301B
4577,E7301B
4579,#EC3296
4587,#E7301B
4595,E7301B
4615,E7301B
4628,#FFA92D
4638,E7301B
4666,E7301B
4697,#E7301B
4711,FFA92D
4722,FFA92D
4726,00AEA0
4752,E7301B
4763,FFA92D
4767,FFA92D
4778,FFA92D
4802,E7301B
4810,#FFA92D
4815,#E7301B
4826,E7301B
4829,FFA92D
4842,#FFA92D
4849,FFA92D
4877,E7301B
4888,E7301B
4922,#E7301B
4928,E7301B
4941,E7301B
4969,E7301B
4976,00AEA0
4998,FFA92D
5113,E7301B
5139,E7301B
5149,E7301B
5157,E7301B
5163,FFA92D
5175,FFA92D
5183,E7301B
5189,#E7301B
5197,9556BF
5203,E7301B
5215,#FFA92D
5219,E7301B
5231,E7301B
5245,#E7301B
5249,#E7301B
5256,FFA92D
5264,E7301B
5267,00AEA0
5272,E7301B
5281,E7301B
5293,E7301B
5303,E7301B
5316,E7301B
5319,FFA92D
5335,FFA92D
5348,#FFA92D
5351,E7301B
5375,#E7301B
5380,E7301B
5386,00AEA0
5397,E7301B
5406,#E7301B
5410,E7301B
5415,FFA92D
5421,E7301B
5440,E7301B
5469,#E7301B
5483,00AEA0
5496,#E7301B
5518,E7301B
5521,E7301B
5558,E7301B
5566,E7301B
5571,#FFA92D
5596,E7301B
5611,FFA92D
5633,E7301B
5650,E7301B
5666,E7301B
5679,#E7301B
5684,#FFA92D
5695,E7301B
5700,#FFA92D
5707,E7301B
5721,#FFA92D
5726,E7301B
5748,E7301B
5756,#FFA92D
5895,#E7301B
7760,E7301B
7770,E7301B
7783,E7301B
8042,E7301B
8049,FFA92D
8053,FFA92D
8139,E7301B
8143,FFA92D
8215,00AEA0
8650,E7301B
8668,EC3296
8676,FFA92D
8721,FFA92D
8765,00AEA0
8773,E7301B
8783,E7301B
8916,E7301B
8936,FFA92D
9065,FFA92D
9094,E7301B
9266,FFA92D
9492,E7301B
9498,E7301B
9580,E7301B
9620,FFA92D
9622,FFA92D
9634,FFA92D
9640,E7301B
9731,E7301B
9771,FFA92D
9824,E7301B
9840,FFA92D
10547,FFA92D
10708,9556BF
10744,FFA92D
10873,E7301B
11068,E7301B
11300,E7301B
