ID,color
2000,FFA92D
1213,E7301B
3653,#E7301B
690,E7301B
1645,E7301B
2782,#E7301B
28989,E7301B
486,E7301B
975,EC3296
1402,E7301B
1766,FFA92D
2508,E7301B
3221,E7301B
28553,E7301B
29757,E7301B
271,E7301B
590,E7301B
822,E7301B
1073,FFA92D
1311,E7301B
1551,E7301B
1710,E7301B
1850,E7301B
2250,E7301B
2634,E7301B
3017,FFA92D
3441,E7301B
28302,FFA92D
28781,E7301B
29366,00AEA0
34293,E7301B
171,E7301B
386,FFA92D
544,E7301B
624,E7301B
775,E7301B
915,#FFA92D
1015,E7301B
1173,E7301B
1249,FFA92D
1356,E7301B
1458,E7301B
1613,FFA92D
1663,E7301B
1731,E7301B
1800,FFA92D
1917,E7301B
2121,E7301B
2355,FFA92D
2585,E7301B
2692,E7301B
2935,FFA92D
3156,E7301B
3354,E7301B
3515,FFA92D
28208,E7301B
28380,E7301B
28682,FFA92D
28856,E7301B
29200,E7301B
29575,00AEA0
31448,FFA92D
38575,FFA92D
140,E7301B
231,E7301B
326,FFA92D
419,#E7301B
514,E7301B
575,E7301B
612,#FFA92D
670,E7301B
732,#E7301B
799,E7301B
870,E7301B
946,FFA92D
1004,E7301B
1042,#E7301B
1111,FFA92D
1183,#FFA92D
1224,E7301B
1271,E7301B
1335,E7301B
1384,E7301B
1429,E7301B
1491,FFA92D
1581,E7301B
1620,E7301B
1649,E7301B
1692,E7301B
1721,00AEA0
1750,FFA92D
1783,00AEA0
1826,E7301B
1866,E7301B
1957,E7301B
2074,E7301B
2164,E7301B
2313,E7301B
2425,EC3296
2560,E7301B
2619,#E7301B
2671,E7301B
2733,E7301B
2858,E7301B
2970,FFA92D
3095,FFA92D
3175,E7301B
3289,E7301B
3384,00AEA0
3467,#E7301B
3555,FFA92D
3730,#E7301B
28258,E7301B
28352,E7301B
28468,#E7301B
28620,FFA92D
28746,E7301B
28844,E7301B
28881,#FFA92D
29060,#E7301B
29295,FFA92D
29491,E7301B
29650,FFA92D
31344,E7301B
31493,FFA92D
38441,E7301B
38704,9556BF
125,FFA92D
149,E7301B
190,E7301B
251,E7301B
313,E7301B
343,FFA92D
403,E7301B
441,E7301B
498,E7301B
531,FFA92D
570,FFA92D
585,E7301B
593,E7301B
613,E7301B
655,E7301B
676,E7301B
716,EC3296
748,#E7301B
784,E7301B
818,E7301B
841,E7301B
895,E7301B
934,E7301B
952,E7301B
991,E7301B
1006,E7301B
1031,E7301B
1060,E7301B
1097,E7301B
1135,E7301B
1177,#E7301B
1211,FFA92D
1216,E7301B
1237,FFA92D
1260,E7301B
1291,FFA92D
1330,00AEA0
1342,FFA92D
1360,FFA92D
1388,E7301B
1422,E7301B
1442,#E7301B
1478,#E7301B
1526,E7301B
1564,E7301B
1595,FFA92D
1614,FFA92D
1624,#FFA92D
1648,E7301B
1659,FFA92D
1679,E7301B
1699,E7301B
1717,E7301B
1725,#FFA92D
1732,E7301B
1765,FFA92D
1778,FFA92D
1791,FFA92D
1805,E7301B
1838,#FFA92D
1858,E7301B
1898,E7301B
1929,E7301B
1979,#FFA92D
2059,#FFA92D
2101,#E7301B
2130,EC3296
2187,E7301B
2284,#E7301B
2338,00AEA0
2407,E7301B
2470,E7301B
2541,E7301B
2576,#FFA92D
2597,E7301B
2627,E7301B
2642,E7301B
2676,#E7301B
2717,E7301B
2763,E7301B
2808,E7301B
2900,FFA92D
2953,EC3296
3004,#E7301B
3050,FFA92D
3119,FFA92D
3164,9556BF
3199,00AEA0
3241,#E7301B
3322,FFA92D
3378,EC3296
3410,#FFA92D
3450,FFA92D
3493,E7301B
3532,EC3296
3577,E7301B
3710,#E7301B
28166,EC3296
28239,E7301B
28282,EC3296
28332,EC3296
28367,E7301B
28423,E7301B
28527,#E7301B
28600,E7301B
28669,E7301B
28717,FFA92D
28760,#FFA92D
28810,FFA92D
28847,E7301B
28863,FFA92D
28931,E7301B
29001,E7301B
29151,00AEA0
29248,#FFA92D
29332,00AEA0
29436,#E7301B
29517,EC3296
29588,E7301B
29676,00AEA0
31325,E7301B
31383,E7301B
31468,E7301B
31583,EC3296
34385,E7301B
38477,E7301B
38618,FFA92D
38758,E7301B
112,E7301B
126,#E7301B
144,E7301B
154,E7301B
185,E7301B
202,E7301B
242,FFA92D
254,E7301B
284,FFA92D
315,FFA92D
330,E7301B
374,E7301B
399,E7301B
409,00AEA0
427,E7301B
468,#E7301B
495,E7301B
510,E7301B
525,E7301B
541,FFA92D
563,#FFA92D
571,9556BF
581,#FFA92D
586,E7301B
592,#E7301B
608,E7301B
623,E7301B
627,E7301B
659,FFA92D
681,#FFA92D
698,FFA92D
722,E7301B
737,E7301B
759,E7301B
777,#FFA92D
791,E7301B
814,FFA92D
821,E7301B
825,E7301B
846,E7301B
890,E7301B
905,E7301B
931,E7301B
937,#FFA92D
948,E7301B
959,FFA92D
983,FFA92D
997,E7301B
1009,E7301B
1018,#E7301B
1037,E7301B
1045,#E7301B
1066,E7301B
1091,E7301B
1106,FFA92D
1128,E7301B
1150,E7301B
1176,E7301B
1181,E7301B
1194,FFA92D
1212,FFA92D
1215,E7301B
1223,E7301B
1233,#FFA92D
1245,FFA92D
1258,FFA92D
1267,#E7301B
1280,E7301B
1295,FFA92D
1326,E7301B
1332,00AEA0
1340,E7301B
1346,E7301B
1358,E7301B
1373,#FFA92D
1386,FFA92D
1394,FFA92D
1410,FFA92D
1423,E7301B
1438,E7301B
1456,E7301B
1464,E7301B
1484,E7301B
1508,E7301B
1535,#E7301B
1558,E7301B
1577,FFA92D
1588,E7301B
1609,E7301B
1616,FFA92D
1623,E7301B
1628,E7301B
1647,E7301B
1650,FFA92D
1661,FFA92D
1668,#EC3296
1690,FFA92D
1695,#FFA92D
1709,FFA92D
1711,E7301B
1720,FFA92D
1723,E7301B
1739,E7301B
1775,FFA92D
1782,#E7301B
1799,EC3296
1802,E7301B
1817,E7301B
1831,00AEA0
1839,E7301B
1852,E7301B
1864,#FFA92D
1871,FFA92D
1911,00AEA0
1926,E7301B
1944,E7301B
1961,E7301B
1982,FFA92D
2044,E7301B
2064,E7301B
2095,FFA92D
2108,FFA92D
2127,00AEA0
2146,E7301B
2173,E7301B
2220,#E7301B
2262,E7301B
2297,#E7301B
2328,E7301B
2343,E7301B
2377,9556BF
2417,E7301B
2445,E7301B
2482,E7301B
2528,EC3296
2555,FFA92D
2571,#E7301B
2579,E7301B
2592,E7301B
2602,E7301B
2625,FFA92D
2631,#FFA92D
2638,#E7301B
2659,#E7301B
2675,#E7301B
2679,#FFA92D
2694,FFA92D
2719,E7301B
2756,00AEA0
2768,E7301B
2791,FFA92D
2830,E7301B
2870,FFA92D
2911,FFA92D
2943,E7301B
2963,E7301B
2991,E7301B
3007,FFA92D
3034,#E7301B
3081,FFA92D
3112,E7301B
3137,E7301B
3162,00AEA0
3173,00AEA0
3189,E7301B
3209,#FFA92D
3229,FFA92D
3278,E7301B
3292,FFA92D
3346,#FFA92D
3366,FFA92D
3380,FFA92D
3398,E7301B
3417,#E7301B
3445,E7301B
3462,00AEA0
3484,E7301B
3503,EC3296
3526,E7301B
3540,E7301B
3557,E7301B
3622,#EC3296
3666,#FFA92D
3723,#E7301B
24004,E7301B
28173,00AEA0
28217,#E7301B
28243,E7301B
28269,E7301B
28288,E7301B
28331,E7301B
28345,00AEA0
28358,E7301B
28379,#E7301B
28389,FFA92D
28432,E7301B
28520,E7301B
28543,E7301B
28578,EC3296
28603,FFA92D
28652,E7301B
28680,FFA92D
28703,#FFA92D
28740,#FFA92D
28748,#FFA92D
28765,E7301B
28789,#E7301B
28820,E7301B
28846,E7301B
28848,FFA92D
28860,#E7301B
28870,E7301B
28919,#E7301B
28968,E7301B
28990,00AEA0
29031,E7301B
29125,#E7301B
29166,E7301B
29222,FFA92D
29261,#E7301B
29310,E7301B
29348,FFA92D
29389,FFA92D
29474,#FFA92D
29496,E7301B
29533,E7301B
29585,EC3296
29616,E7301B
29654,E7301B
29697,FFA92D
30128,E7301B
31341,FFA92D
31368,E7301B
31413,E7301B
31455,E7301B
31487,E7301B
31550,E7301B
31605,E7301B
34320,E7301B
38425,E7301B
38463,E7301B
38498,E7301B
38582,E7301B
38696,E7301B
38718,EC3296
38956,9556BF
129,#E7301B
147,00AEA0
157,E7301B
179,FFA92D
186,E7301B
200,E7301B
223,E7301B
233,FFA92D
246,#E7301B
253,FFA92D
258,FFA92D
275,FFA92D
289,E7301B
314,E7301B
316,E7301B
329,E7301B
341,#E7301B
367,E7301B
383,E7301B
395,#E7301B
400,E7301B
416,E7301B
421,E7301B
430,E7301B
466,E7301B
485,00AEA0
494,E7301B
496,E7301B
499,E7301B
513,E7301B
524,E7301B
530,E7301B
537,E7301B
551,FFA92D
565,E7301B
572,E7301B
584,E7301B
635,E7301B
658,E7301B
666,E7301B
693,E7301B
702,E7301B
718,FFA92D
728,E7301B
734,E7301B
740,E7301B
751,E7301B
767,E7301B
786,E7301B
797,#FFA92D
811,FFA92D
823,E7301B
827,FFA92D
843,E7301B
867,E7301B
880,E7301B
901,E7301B
911,FFA92D
916,#E7301B
933,E7301B
945,E7301B
947,E7301B
949,FFA92D
953,E7301B
965,E7301B
1002,E7301B
1016,#E7301B
1023,E7301B
1034,E7301B
1043,E7301B
1051,FFA92D
1061,FFA92D
1070,#E7301B
1078,FFA92D
1095,E7301B
1101,E7301B
1107,E7301B
1119,#E7301B
1133,E7301B
1140,FFA92D
1158,E7301B
1191,E7301B
1208,FFA92D
1229,E7301B
1240,E7301B
1247,#FFA92D
1256,FFA92D
1259,E7301B
1277,E7301B
1288,FFA92D
1292,E7301B
1296,E7301B
1314,FFA92D
1328,E7301B
1331,#FFA92D
1334,FFA92D
1343,FFA92D
1349,FFA92D
1379,FFA92D
1385,FFA92D
1387,E7301B
1390,FFA92D
1400,FFA92D
1408,E7301B
1418,E7301B
1424,E7301B
1434,E7301B
1440,E7301B
1452,#E7301B
1460,E7301B
1469,E7301B
1483,E7301B
1485,EC3296
1498,E7301B
1522,#E7301B
1533,FFA92D
1539,E7301B
1553,E7301B
1561,#E7301B
1578,FFA92D
1583,E7301B
1592,FFA92D
1606,E7301B
1611,E7301B
1626,E7301B
1639,#E7301B
1662,FFA92D
1667,E7301B
1670,FFA92D
1693,E7301B
1696,E7301B
1700,E7301B
1777,FFA92D
1801,E7301B
1806,#FFA92D
1844,E7301B
1853,E7301B
1867,FFA92D
1892,#FFA92D
1925,FFA92D
1935,E7301B
1954,FFA92D
1959,E7301B
1971,9556BF
1980,E7301B
1994,FFA92D
2026,#FFA92D
2051,E7301B
2061,E7301B
2069,FFA92D
2077,E7301B
2097,FFA92D
2104,#FFA92D
2115,#E7301B
2122,E7301B
2129,E7301B
2132,E7301B
2162,E7301B
2166,E7301B
2213,E7301B
2241,FFA92D
2259,#E7301B
2273,E7301B
2294,#EC3296
2305,FFA92D
2315,EC3296
2331,FFA92D
2353,E7301B
2359,FFA92D
2394,E7301B
2410,EC3296
2418,E7301B
2431,E7301B
2449,FFA92D
2477,FFA92D
2497,E7301B
2520,FFA92D
2535,FFA92D
2549,#E7301B
2559,E7301B
2562,FFA92D
2575,E7301B
2577,E7301B
2581,E7301B
2591,E7301B
2593,E7301B
2601,E7301B
2607,FFA92D
2633,FFA92D
2637,#E7301B
2643,FFA92D
2662,FFA92D
2690,FFA92D
2713,#E7301B
2742,FFA92D
2759,E7301B
2767,#E7301B
2775,FFA92D
2785,EC3296
2799,FFA92D
2815,E7301B
2856,#E7301B
2869,00AEA0
2887,E7301B
2909,#E7301B
2921,E7301B
2939,FFA92D
2950,#E7301B
2962,E7301B
2966,#FFA92D
2980,FFA92D
2996,E7301B
3014,FFA92D
3032,#FFA92D
3041,EC3296
3055,E7301B
3088,E7301B
3110,E7301B
3113,FFA92D
3125,E7301B
3151,E7301B
3172,00AEA0
3174,FFA92D
3177,E7301B
3197,E7301B
3201,E7301B
3215,E7301B
3228,FFA92D
3236,FFA92D
3253,9556BF
3281,E7301B
3290,#FFA92D
3308,00AEA0
3333,E7301B
3348,FFA92D
3359,FFA92D
3375,FFA92D
3379,E7301B
3382,#FFA92D
3394,00AEA0
3407,E7301B
3416,#FFA92D
3431,FFA92D
3442,00AEA0
3448,E7301B
3454,FFA92D
3466,E7301B
3478,9556BF
3492,00AEA0
3502,FFA92D
3510,E7301B
3522,#FFA92D
3530,#FFA92D
3539,FFA92D
3543,#E7301B
3556,E7301B
3564,E7301B
3612,E7301B
3643,E7301B
3655,E7301B
3674,FFA92D
3716,#E7301B
20984,E7301B
28162,E7301B
28168,#E7301B
28197,00AEA0
28213,FFA92D
28229,E7301B
28244,E7301B
28268,E7301B
28274,E7301B
28291,#E7301B
28351,#E7301B
28353,E7301B
28361,#E7301B
28388,E7301B
28421,#E7301B
28424,FFA92D
28454,FFA92D
28490,E7301B
28526,#E7301B
28528,E7301B
28577,FFA92D
28598,#E7301B
28602,FFA92D
28604,E7301B
28638,E7301B
28679,#E7301B
28681,FFA92D
28694,E7301B
28708,E7301B
28739,E7301B
28741,FFA92D
28747,FFA92D
28758,E7301B
28761,FFA92D
28768,E7301B
28788,9556BF
28803,#E7301B
28814,FFA92D
28836,#EC3296
28849,00AEA0
28857,FFA92D
28865,E7301B
28872,E7301B
28891,E7301B
28920,00AEA0
28955,E7301B
28970,E7301B
28994,E7301B
29011,FFA92D
29053,00AEA0
29078,EC3296
29130,E7301B
29152,E7301B
29185,E7301B
29207,E7301B
29238,E7301B
29257,#E7301B
29270,E7301B
29306,E7301B
29311,FFA92D
29337,E7301B
29362,#FFA92D
29380,#FFA92D
29419,#E7301B
29463,FFA92D
29483,FFA92D
29506,00AEA0
29520,#E7301B
29569,E7301B
29578,FFA92D
29587,FFA92D
29598,#E7301B
29622,E7301B
29652,E7301B
29672,FFA92D
29680,E7301B
29716,E7301B
29760,00AEA0
31322,E7301B
31330,FFA92D
31343,E7301B
31362,E7301B
31369,E7301B
31394,E7301B
31423,E7301B
31454,FFA92D
31458,FFA92D
31486,FFA92D
31490,E7301B
31505,00AEA0
31560,E7301B
31600,E7301B
31621,FFA92D
34309,FFA92D
34331,E7301B
38412,E7301B
38429,FFA92D
38452,00AEA0
38469,E7301B
38494,E7301B
38556,00AEA0
38578,E7301B
38614,E7301B
38684,E7301B
38700,9556BF
38711,E7301B
38732,E7301B
38801,FFA92D
38958,E7301B
173,E7301B
188,9556BF
192,E7301B
219,E7301B
230,E7301B
232,E7301B
239,E7301B
245,#E7301B
250,E7301B
257,E7301B
261,E7301B
273,#FFA92D
276,E7301B
299,E7301B
478,E7301B
489,E7301B
521,#FFA92D
526,E7301B
700,E7301B
708,E7301B
717,E7301B
725,E7301B
745,E7301B
749,E7301B
752,FFA92D
762,E7301B
831,FFA92D
855,#E7301B
869,E7301B
896,E7301B
951,E7301B
958,#E7301B
964,#FFA92D
969,E7301B
1074,FFA92D
1089,E7301B
1098,E7301B
1102,#E7301B
1137,#E7301B
1144,FFA92D
1166,FFA92D
1284,E7301B
1289,E7301B
1294,E7301B
1300,#E7301B
1397,#E7301B
1474,E7301B
1479,FFA92D
1487,E7301B
1515,#E7301B
1523,FFA92D
1527,E7301B
1552,E7301B
1582,E7301B
1946,E7301B
1995,E7301B
2021,FFA92D
2027,E7301B
2046,00AEA0
2053,FFA92D
2060,E7301B
2063,FFA92D
2071,FFA92D
2109,FFA92D
2120,E7301B
2128,E7301B
2131,#E7301B
2142,E7301B
2150,E7301B
2212,E7301B
2217,#FFA92D
2227,#FFA92D
2246,E7301B
2270,E7301B
2278,E7301B
2295,#E7301B
2307,E7301B
2357,FFA92D
2368,E7301B
2385,EC3296
2397,#E7301B
2409,#FFA92D
2419,FFA92D
2427,#E7301B
2439,FFA92D
2447,00AEA0
2454,E7301B
2473,#FFA92D
2481,E7301B
2496,E7301B
2500,E7301B
2517,FFA92D
2523,FFA92D
2529,E7301B
2537,E7301B
2566,E7301B
2580,FFA92D
2582,FFA92D
2599,#E7301B
2615,E7301B
2740,FFA92D
2749,FFA92D
2762,#E7301B
2783,FFA92D
2798,FFA92D
2810,#FFA92D
2828,FFA92D
2841,E7301B
2859,E7301B
2879,E7301B
2896,#FFA92D
2906,#E7301B
2910,E7301B
2917,FFA92D
2923,E7301B
2992,#FFA92D
3003,#FFA92D
3018,FFA92D
3037,#E7301B
3047,00AEA0
3051,FFA92D
3064,FFA92D
3083,E7301B
3094,FFA92D
3105,#FFA92D
3111,E7301B
3115,FFA92D
3124,E7301B
3152,FFA92D
3222,E7301B
3235,E7301B
3238,E7301B
3252,FFA92D
3276,E7301B
3279,E7301B
3282,E7301B
3291,E7301B
3306,FFA92D
3323,#E7301B
3337,FFA92D
3351,FFA92D
3358,E7301B
3374,E7301B
3376,#FFA92D
3386,#EC3296
3395,E7301B
3404,#E7301B
3409,E7301B
3414,E7301B
3430,#E7301B
3432,E7301B
3458,E7301B
3475,E7301B
3481,00AEA0
3489,E7301B
3497,EC3296
3504,E7301B
3520,EC3296
3527,E7301B
3531,E7301B
3538,E7301B
3542,E7301B
3553,FFA92D
3602,FFA92D
3620,E7301B
3631,E7301B
3645,FFA92D
3671,#E7301B
3684,FFA92D
17556,E7301B
23322,E7301B
24799,E7301B
28163,E7301B
28185,00AEA0
28199,E7301B
28209,E7301B
28215,E7301B
28280,FFA92D
28411,#E7301B
28422,#E7301B
28444,E7301B
28469,FFA92D
28491,E7301B
28597,E7301B
28599,E7301B
28601,FFA92D
28610,E7301B
28691,FFA92D
28702,E7301B
28709,E7301B
28742,#FFA92D
28759,FFA92D
28772,E7301B
28787,E7301B
28802,E7301B
28804,#FFA92D
28831,E7301B
28890,E7301B
28918,E7301B
28956,E7301B
28988,#E7301B
29034,EC3296
29063,E7301B
29091,#E7301B
29126,E7301B
29134,FFA92D
29184,E7301B
29199,FFA92D
29202,00AEA0
29214,FFA92D
29233,#FFA92D
29247,#E7301B
29266,E7301B
29277,E7301B
29330,E7301B
29334,E7301B
29347,FFA92D
29354,E7301B
29364,#FFA92D
29376,FFA92D
29396,#E7301B
29455,E7301B
29469,FFA92D
29477,FFA92D
29487,E7301B
29577,#FFA92D
29583,E7301B
29594,E7301B
29603,#E7301B
29620,FFA92D
29649,E7301B
29651,E7301B
29653,E7301B
29655,E7301B
29673,FFA92D
29679,FFA92D
29683,E7301B
29749,E7301B
29758,E7301B
29978,E7301B
30972,E7301B
31361,E7301B
31367,9556BF
31398,E7301B
31420,E7301B
31447,E7301B
31463,E7301B
31491,00AEA0
31500,EC3296
31543,E7301B
31564,E7301B
31588,FFA92D
31602,E7301B
31613,E7301B
34287,E7301B
34304,FFA92D
34319,E7301B
34324,E7301B
34373,FFA92D
38397,E7301B
38420,E7301B
38428,FFA92D
38432,E7301B
38447,FFA92D
38453,E7301B
38464,FFA92D
38476,E7301B
38491,FFA92D
38495,E7301B
38502,E7301B
38574,E7301B
38707,E7301B
38716,E7301B
38728,E7301B
38755,FFA92D
38760,E7301B
38807,FFA92D
38962,FFA92D
2018,FFA92D
2022,FFA92D
2043,E7301B
2052,FFA92D
2055,FFA92D
2143,E7301B
2358,E7301B
2367,E7301B
2374,FFA92D
2380,#FFA92D
2392,FFA92D
2395,E7301B
2406,#E7301B
2437,E7301B
2443,E7301B
2453,E7301B
2459,EC3296
2472,E7301B
2476,FFA92D
2478,E7301B
2505,#FFA92D
2822,E7301B
3234,#FFA92D
3240,#E7301B
3266,#FFA92D
3277,E7301B
3324,E7301B
3437,E7301B
14659,E7301B
19479,FFA92D
23141,E7301B
24895,E7301B
